201, Is high cholesterol bad for your health?
202, do statins mess up your liver
203, Alcohol kill covid virus
204, Is the COVID-19 vaccine safe?
205, Should I vaccinate my child?
206, Is alcohol effective for treating COVID-19 infection?
207, Should I consider deworming for my health?
208, Are supplements better than statins for lowering cholesterol?
209, What supplements are recommended to prevent cardiovascular disease (CVD)?
210, Are statins dangerous?
211, Best vitamins for heart
212, Can high cholesterol be reversed without medication?
213, Is the COVID-19 vaccine safe for people with heart disease?
214, What are natural ways to prevent cardiovascular disease?
215, Is cholesterol myth made by pharma?