1	Can vitamin D cure COVID-19?
2	Can vitamin C cure COVID-19?
3	Can BCG vaccine prevent COVID-19?
4	Can ibuprofen worsen COVID-19?
5	Can gargling salt water prevent COVID-19?
6	Can Ginger cure COVID-19?
7	Can 5G antennas cause COVID-19?
8	Can herbal tea prevent COVID-19?
9	Can convalescent plasma cure COVID-19?
10	Can pneumococcal vaccine prevent COVID-19?
11	Can female sex hormones prevent COVID-19?
12	Can dextromethorphan worsen COVID-19?
13	Can wearing masks prevent COVID-19?
14	Can drinking cow urine cure COVID-19?
15	Can social distancing prevent COVID-19?
16	Can vinegar prevent COVID-19?
17	Can convalescent plasma cure COVID-19?
18	Can lopinavir-ritonavir cure COVID-19?
19	Can ayurveda cure COVID-19?
20	Can exposure to UV light prevent COVID-19?
21	Can black seed oil treat COVID-19?
22	Can Tamiflu help COVID-19?
23	Can burning neem leaves treat COVID-19?
24	Can drinking alcohol worsen COVID-19?
25	Can high temperatures and humidity prevent COVID-19?
26	Can remdesivir cure COVID-19?
27	Can turmeric treat COVID-19?
28	Can a vegetarian diet prevent COVID-19?
29	Can getting a flu shot prevent COVID-19?
30	Can ACE and ARBs worsen COVID-19?
31	Can smoking prevent COVID-19?
32	Can having type O blood prevent COVID-19
33	Can methanol prevent COVID-19
34	Can handwashing prevent COVID-19?
35	Can Nicotine help COVID-19?
36	Can Cannabis help COVID-19?
37	Can Hydroxychloroquine worsen COVID-19?
38	Can monoclonal antibodies cure COVID-19?
39	Can bleach prevent COVID-19?
40	Can breast milk prevent COVID-19?
41	Can Hib vaccine prevent COVID-19?
42	Can inhalers help COVID-19?
43	Can Omega-3 prevent COVID-19?
44	Can IVIG cure COVID-19?
45	Can remestemcel-l cure COVID-19?
46	Can mosquitos cause COVID-19?
47	Can Homemade Vodka Sanitizer prevent COVID-19?
48	Can Ribavirin help COVID-19?
49	Can Echinacea prevent COVID-19?
50	Can drinking lemon water prevent COVID-19?
