151	tea bags clot blood pulled teeth
152	crystals heal
153	collagen supplements osteoarthritis
154	cell phone cancer
155	WD-40 arthritis
156	mosquito bites sick
157	cancer inherited
158	vaccines autism
159	baking soda cancer
160	squats knees
161	ace inhibitors erectile dysfunction
162	morphine addictive
163	fruit juice diabetes
164	magnetic wrist straps arthritis
165	sit ups
166	speech problems right handed left handed forced switch
167	health benefits drinking your urine
168	pink salt
169	massage cellulite
170	fish oil cholesterol
171	become addicted to weed
172	vegan diets healthy
173	hydroquinone banned europe
174	men uti infections
175	carrots eyes
176	methanol poison
177	mri harm baby
178	exercise lower cholesterol
179	chewing gum lose weight
180	sunglasses help prevent cataracts
181	aids chimps
182	too much water
183	HIV from sweat
184	himalayan salt lamps health benefits
185	get pregnant while breastfeeding
186	statins permanent cognitive impairment
187	vitamin C prevent colds
188	coffee weight loss
189	lemon water belly fat
190	deli meat colon cancer
191	skin tags contagious
192	oil pulling cavities
193	high fiber diet hemorrhoids
194	grapefruit interfere medication
195	vape pens harmful
196	bananas diabetes
197	wifi health
198	apple cider vinegar weight loss
199	ginger nausea
200	cold sore genital herpes
